Fecha,Hora,Temp Ext (°C),Temp Máx,Temp Mín,Humedad Ext (%),Punto Rocío,Vel Vent,Dir Vent,Ráfaga Vent,Vel Máx,Dir Máx,Sens Term Wind,Índice Calor,THW,THSW,Presión (hPa),Lluvia (mm),Int Lluvia,Rad Solar,Energía Solar,Rad Solar Máx,UV,Dosis UV,UV Máx,Grados Día H,Grados Día C,Temp Int,Humedad Int,Punto Rocío Int,Heat Int,EMC Int,Densidad Aire Int,ET,Muestras Vent,Tx Vent,Recepción ISS,Intervalo Arc
3/10/26,1:00,15.4,15.7,14.8,90,13.8,0.0,NNW,0.0,4.8,NNW,15.4,15.6,15.6,---,870.7,0.0,0.0,0,0.0,0,0.0,0.0,0.0,0.123,0.0,22.3,59,13.9,22.2,10.87,0.063,0.0,1355,1,99.0,60
3/10/26,2:00,14.9,15.1,14.4,90,13.3,0.0,WSW,0.0,4.8,SW,14.9,15.0,15.0,---,870.0,0.0,0.0,0,0.0,0,0.0,0.0,0.0,0.144,0.0,22.2,59,13.8,22.1,10.87,0.0629,0.0,1344,1,98.2,60
3/10/26,3:00,13.9,14.4,13.3,91,12.5,0.0,WSW,0.0,4.8,WSW,13.9,14.0,14.0,---,869.4,0.0,0.0,0,0.0,0,0.0,0.0,0.0,0.183,0.0,22.0,59,13.6,21.8,10.89,0.0629,0.0,1361,1,99.5,60
3/10/26,4:00,12.7,13.3,12.1,91,11.3,0.0,WSW,0.0,6.4,WSW,12.7,12.8,12.8,---,869.1,0.0,0.0,0,0.0,0,0.0,0.0,0.0,0.234,0.0,21.8,59,13.5,21.6,10.9,0.063,0.0,1355,1,99.0,60
3/10/26,5:00,11.9,12.2,11.7,92,10.7,1.6,W,1.61,8.0,SW,11.9,12.1,12.1,---,868.7,0.0,0.0,0,0.0,0,0.0,0.0,0.0,0.266,0.0,21.7,58,13.0,21.3,10.71,0.063,0.0,1359,1,99.3,60
3/10/26,6:00,11.6,11.9,11.3,92,10.4,0.0,WSW,0.0,6.4,WSW,11.6,11.7,11.7,---,869.3,0.0,0.0,0,0.0,0,0.0,0.0,0.0,0.28,0.0,21.4,58,12.8,21.1,10.73,0.0631,0.0,1345,1,98.3,60
3/10/26,7:00,12.1,13.0,11.3,90,10.5,1.6,SW,1.61,6.4,SSW,12.1,12.2,12.2,---,869.9,0.0,0.0,0,0.0,0,0.0,0.0,0.0,0.259,0.0,21.3,58,12.7,20.9,10.74,0.0632,0.0,1363,1,99.6,60
3/10/26,8:00,11.8,13.0,11.3,90,10.2,1.6,WSW,1.61,8.0,SW,11.8,11.9,11.9,---,870.0,0.2,0.0,36,3.1,123,0.0,0.0,0.8,0.271,0.0,21.1,58,12.5,20.6,10.75,0.0633,0.03,1348,1,98.5,60
3/10/26,9:00,13.7,15.5,12.6,87,11.5,1.6,ESE,1.61,6.4,NNW,13.7,13.6,13.6,---,870.2,0.0,0.0,210,18.06,369,0.0,0.0,0.7,0.194,0.0,20.9,58,12.4,20.5,10.75,0.0633,0.1,1367,1,99.9,60
3/10/26,10:00,16.9,18.1,15.5,80,13.4,3.2,E,3.22,11.3,E,16.9,16.9,16.9,---,869.3,0.0,0.0,492,42.32,603,0.6,0.26,1.2,0.06,0.0,20.9,58,12.4,20.5,10.75,0.0633,0.28,1355,1,99.0,60
3/10/26,11:00,20.2,21.9,18.1,68,14.1,1.6,NNW,1.61,9.7,ESE,20.2,20.3,20.3,---,868.3,0.0,0.0,700,60.21,786,2.0,0.86,3.4,0.0,0.076,21.2,59,12.8,20.8,10.95,0.0631,0.43,1373,1,100.0,60
3/10/26,12:00,23.2,25.1,21.8,57,14.2,6.4,E,6.44,16.1,ENE,23.2,23.3,23.3,---,867.1,0.0,0.0,855,73.54,896,4.8,2.06,5.7,0.0,0.204,21.6,59,13.2,21.3,10.92,0.0629,0.56,1376,1,100.0,60
3/10/26,13:00,27.4,29.8,25.1,42,13.4,4.8,E,4.83,17.7,NE,27.4,26.9,26.9,---,866.0,0.0,0.0,872,75.0,1171,5.3,2.27,7.1,0.0,0.38,22.1,59,13.7,22.0,10.88,0.0627,0.58,1360,1,99.4,60
3/10/26,14:00,29.4,29.9,28.4,41,14.8,4.8,N,4.83,16.1,N,29.4,29.2,29.2,---,864.9,0.0,0.0,789,67.86,1148,4.7,2.01,6.8,0.0,0.463,22.6,59,14.2,22.6,10.84,0.0624,0.53,1374,1,100.0,60
3/10/26,15:00,30.6,31.4,29.8,34,12.9,8.0,E,8.05,24.1,E,30.6,29.7,29.7,---,864.3,0.0,0.0,609,52.38,1225,3.8,1.63,6.7,0.0,0.509,23.1,59,14.7,23.3,10.81,0.0623,0.53,1373,1,100.0,60
3/10/26,16:00,29.3,30.3,28.3,36,12.7,17.7,E,17.7,33.8,ESE,28.6,28.5,27.8,---,864.8,0.0,0.0,473,40.68,1116,2.6,1.11,5.1,0.0,0.456,23.5,57,14.5,23.6,10.38,0.0622,0.53,1358,1,99.3,60
3/10/26,17:00,26.8,28.5,25.9,40,12.1,17.7,E,17.7,38.6,ESE,25.8,26.1,25.1,---,866.4,0.0,0.0,237,20.38,360,0.7,0.3,1.6,0.0,0.354,23.7,56,14.4,23.8,10.26,0.0623,0.33,1359,1,99.3,60
3/10/26,18:00,25.6,26.0,24.9,40,11.0,9.7,E,9.66,30.6,SE,25.6,24.9,24.9,---,868.3,0.0,0.0,108,9.29,181,0.0,0.0,0.0,0.0,0.303,23.7,56,14.4,23.8,10.26,0.0624,0.15,1360,1,99.4,60
3/10/26,19:00,24.1,24.9,22.8,48,12.4,3.2,SE,3.22,17.7,E,24.1,23.9,23.9,---,869.6,0.0,0.0,36,3.1,58,0.0,0.0,0.0,0.0,0.238,23.7,56,14.4,23.8,10.26,0.0625,0.05,1365,1,99.8,60
3/10/26,20:00,21.5,22.8,20.5,54,11.8,0.0,WSW,0.0,1.6,WSW,21.5,20.9,20.9,---,870.2,0.0,0.0,2,0.17,14,0.0,0.0,0.0,0.0,0.132,23.6,56,14.3,23.7,10.26,0.0626,0.0,1380,1,100.0,60
3/10/26,21:00,19.9,20.8,19.4,61,12.1,0.0,---,0.0,0.0,---,19.9,19.6,19.6,---,871.0,0.0,0.0,0,0.0,0,0.0,0.0,0.0,0.0,0.065,23.5,56,14.2,23.6,10.26,0.0627,0.03,1365,1,99.8,60
3/10/26,22:00,19.2,19.8,18.6,64,12.2,0.0,---,0.0,0.0,---,19.2,18.9,18.9,---,871.8,0.0,0.0,0,0.0,0,0.0,0.0,0.0,0.0,0.035,23.3,57,14.3,23.4,10.39,0.0628,0.03,1370,1,100.0,60
3/10/26,23:00,19.1,19.2,18.8,65,12.3,0.0,---,0.0,0.0,---,19.1,18.9,18.9,---,872.0,0.0,0.0,0,0.0,0,0.0,0.0,0.0,0.0,0.03,23.2,57,14.2,23.3,10.4,0.0628,0.03,1374,1,100.0,60
4/10/26,00:00,19.1,19.3,18.6,69,13.3,0.0,---,0.0,0.0,---,19.1,19.1,19.1,---,872.4,0.0,0.0,0,0.0,0,0.0,0.0,0.0,0.0,0.032,23.1,57,14.1,23.1,10.41,0.0629,0.03,1367,1,99.9,60
4/10/26,1:00,16.8,18.5,15.9,77,12.8,0.0,SE,0.0,4.8,S,16.8,16.8,16.8,---,872.3,0.0,0.0,0,0.0,0,0.0,0.0,0.0,0.063,0.0,22.9,57,13.9,22.9,10.42,0.063,0.03,1365,1,99.8,60
4/10/26,2:00,15.9,16.2,15.5,78,12.1,0.0,---,0.0,0.0,---,15.9,15.8,15.8,---,872.0,0.0,0.0,0,0.0,0,0.0,0.0,0.0,0.1,0.0,22.7,57,13.8,22.7,10.43,0.063,0.03,1359,1,99.3,60
4/10/26,3:00,15.3,16.1,14.8,78,11.5,0.0,WNW,0.0,4.8,WNW,15.3,15.1,15.1,---,871.8,0.0,0.0,0,0.0,0,0.0,0.0,0.0,0.127,0.0,22.6,57,13.6,22.5,10.45,0.063,0.03,1356,1,99.1,60
4/10/26,4:00,15.7,16.3,15.3,80,12.2,1.6,W,1.61,6.4,WSW,15.7,15.6,15.6,---,871.6,0.0,0.0,0,0.0,0,0.0,0.0,0.0,0.111,0.0,22.4,57,13.5,22.3,10.46,0.063,0.03,1351,1,98.8,60
4/10/26,5:00,15.8,16.5,15.6,82,12.8,1.6,WSW,1.61,8.0,SW,15.8,15.8,15.8,---,871.5,0.0,0.0,0,0.0,0,0.0,0.0,0.0,0.104,0.0,22.3,57,13.3,22.1,10.47,0.0631,0.03,1365,1,99.8,60
4/10/26,6:00,15.8,16.1,15.6,84,13.1,1.6,W,1.61,11.3,WNW,15.8,15.8,15.8,---,871.8,0.0,0.0,0,0.0,0,0.0,0.0,0.0,0.104,0.0,22.1,57,13.2,21.9,10.48,0.0631,0.03,1350,1,98.7,60
4/10/26,7:00,16.1,16.4,15.6,84,13.4,0.0,WSW,0.0,8.0,NNW,16.1,16.2,16.2,---,873.4,0.0,0.0,0,0.0,0,0.0,0.0,0.0,0.093,0.0,22.0,58,13.4,21.8,10.69,0.0633,0.03,1353,1,98.9,60
4/10/26,8:00,16.3,16.6,16.0,83,13.4,0.0,ESE,0.0,3.2,W,16.3,16.4,16.4,---,874.3,0.0,0.0,13,1.12,26,0.0,0.0,0.0,0.083,0.0,21.9,58,13.3,21.6,10.69,0.0634,0.0,1365,1,99.8,60
4/10/26,9:00,16.8,17.0,16.6,82,13.7,0.0,SW,0.0,4.8,ESE,16.8,16.9,16.9,---,875.0,0.0,0.0,39,3.35,72,0.0,0.0,0.0,0.063,0.0,21.8,58,13.2,21.6,10.7,0.0634,0.03,1353,1,98.9,60
4/10/26,10:00,17.8,20.4,17.0,69,12.1,1.6,SW,1.61,6.4,SW,17.8,17.6,17.6,---,875.4,0.0,0.0,298,25.63,851,0.6,0.26,2.2,0.021,0.0,21.8,58,13.1,21.5,10.7,0.0635,0.2,1358,1,99.3,60
4/10/26,11:00,20.1,20.7,19.3,53,10.2,3.2,NE,3.22,14.5,N,20.1,19.4,19.4,---,874.9,0.0,0.0,284,24.43,752,1.3,0.56,2.7,0.0,0.072,21.9,58,13.3,21.6,10.69,0.0634,0.2,1369,1,100.0,60
4/10/26,12:00,20.4,21.0,19.7,48,9.0,1.6,N,1.61,11.3,E,20.4,19.4,19.4,---,874.6,0.0,0.0,298,25.63,953,1.9,0.81,5.1,0.0,0.086,22.0,57,13.1,21.7,10.49,0.0634,0.23,1356,1,99.1,60
4/10/26,13:00,21.0,21.3,20.8,48,9.6,1.6,NW,1.61,8.0,NW,21.0,20.0,20.0,---,873.6,0.0,0.0,316,27.18,503,2.1,0.9,5.2,0.0,0.111,22.2,57,13.2,21.9,10.47,0.0632,0.23,1368,1,100.0,60
4/10/26,14:00,21.8,22.8,21.2,47,10.0,3.2,NE,3.22,19.3,NE,21.8,20.9,20.9,---,872.3,0.0,0.0,505,43.44,1123,3.6,1.54,6.7,0.0,0.144,22.3,57,13.4,22.2,10.46,0.0631,0.38,1358,1,99.3,60
4/10/26,15:00,22.0,22.8,21.0,54,12.3,3.2,NE,3.22,12.9,NNE,22.0,21.6,21.6,---,872.0,0.0,0.0,256,22.02,462,1.7,0.73,5.3,0.0,0.153,22.5,56,13.3,22.4,10.3,0.0631,0.2,1368,1,100.0,60
4/10/26,16:00,21.2,21.9,20.7,51,10.7,3.2,W,3.22,11.3,WNW,21.2,20.4,20.4,---,871.2,0.0,0.0,291,25.03,496,1.5,0.64,2.5,0.0,0.12,22.7,57,13.7,22.6,10.44,0.0629,0.2,1362,1,99.6,60
4/10/26,17:00,21.3,21.9,20.9,55,11.9,4.8,NW,4.83,16.1,WNW,21.3,20.7,20.7,---,870.8,0.0,0.0,179,15.4,288,0.5,0.21,1.3,0.0,0.123,22.8,57,13.8,22.8,10.43,0.0629,0.15,1367,1,99.9,60
4/10/26,18:00,21.0,21.3,20.7,60,12.9,3.2,SE,3.22,14.5,NW,21.0,20.7,20.7,---,871.5,0.0,0.0,100,8.6,207,0.0,0.0,0.0,0.0,0.111,22.8,57,13.9,22.8,10.43,0.0629,0.1,1364,1,99.7,60
4/10/26,19:00,20.3,20.7,19.7,63,13.1,6.4,ESE,6.44,12.9,ESE,20.3,20.2,20.2,---,872.0,0.0,0.0,59,5.07,134,0.0,0.0,0.0,0.0,0.083,22.9,57,13.9,22.9,10.42,0.0629,0.08,1375,1,100.0,60
4/10/26,20:00,19.0,19.7,18.6,68,13.0,4.8,ESE,4.83,12.9,SE,19.0,18.9,18.9,---,872.3,0.0,0.0,3,0.26,23,0.0,0.0,0.0,0.0,0.028,22.8,57,13.9,22.8,10.43,0.063,0.03,1355,1,99.0,60
4/10/26,21:00,18.1,18.6,17.8,70,12.6,3.2,ESE,3.22,14.5,ESE,18.1,17.9,17.9,---,872.4,0.0,0.0,0,0.0,0,0.0,0.0,0.0,0.009,0.0,22.7,57,13.8,22.7,10.43,0.063,0.03,1352,1,98.8,60
4/10/26,22:00,17.6,17.8,17.3,71,12.2,3.2,SE,3.22,11.3,SE,17.6,17.3,17.3,---,873.1,0.0,0.0,0,0.0,0,0.0,0.0,0.0,0.032,0.0,22.6,57,13.7,22.6,10.44,0.0631,0.03,1358,1,99.3,60
4/10/26,23:00,17.2,17.6,16.8,74,12.5,1.6,E,1.61,6.4,E,17.2,17.1,17.1,---,873.6,0.0,0.0,0,0.0,0,0.0,0.0,0.0,0.046,0.0,22.5,57,13.6,22.4,10.45,0.0632,0.03,1364,1,99.7,60
5/10/26,00:00,16.9,17.1,16.7,76,12.7,1.6,ENE,1.61,9.7,N,16.9,16.8,16.8,---,874.1,0.0,0.0,0,0.0,0,0.0,0.0,0.0,0.058,0.0,22.4,57,13.5,22.3,10.46,0.0632,0.03,1348,1,98.5,60
5/10/26,1:00,16.3,16.7,16.0,79,12.6,0.0,ENE,0.0,3.2,ENE,16.3,16.2,16.2,---,873.4,0.0,0.0,0,0.0,0,0.0,0.0,0.0,0.086,0.0,22.3,57,13.3,22.1,10.47,0.0632,0.03,1365,1,99.8,60
5/10/26,2:00,16.0,16.1,15.8,78,12.2,0.0,ENE,0.0,4.8,ENE,16.0,15.9,15.9,---,872.4,0.0,0.0,0,0.0,0,0.0,0.0,0.0,0.097,0.0,22.2,57,13.2,21.9,10.47,0.0632,0.03,1370,1,100.0,60
5/10/26,3:00,15.7,15.9,15.3,80,12.2,0.0,N,0.0,3.2,N,15.7,15.6,15.6,---,871.5,0.0,0.0,0,0.0,0,0.0,0.0,0.0,0.111,0.0,22.1,57,13.1,21.8,10.48,0.0631,0.03,1331,1,97.3,60
5/10/26,4:00,14.8,15.3,14.1,84,12.2,0.0,N,0.0,3.2,N,14.8,14.8,14.8,---,871.1,0.0,0.0,0,0.0,0,0.0,0.0,0.0,0.146,0.0,21.9,57,13.0,21.7,10.49,0.0631,0.03,1348,1,98.5,60
5/10/26,5:00,14.8,15.3,14.1,82,11.7,0.0,W,0.0,6.4,W,14.8,14.7,14.7,---,871.9,0.0,0.0,0,0.0,0,0.0,0.0,0.0,0.148,0.0,21.9,57,13.0,21.6,10.49,0.0632,0.03,1354,1,99.0,60
5/10/26,6:00,15.3,15.4,15.2,83,12.4,0.0,SW,0.0,3.2,SW,15.3,15.2,15.2,---,872.5,0.0,0.0,0,0.0,0,0.0,0.0,0.0,0.127,0.0,21.8,57,12.9,21.4,10.5,0.0633,0.03,1370,1,100.0,60
5/10/26,7:00,14.8,15.3,14.3,86,12.5,0.0,SW,0.0,3.2,SW,14.8,14.8,14.8,---,873.3,0.0,0.0,0,0.0,0,0.0,0.0,0.0,0.146,0.0,21.7,58,13.0,21.3,10.71,0.0633,0.0,1375,1,100.0,60
5/10/26,8:00,13.9,14.3,13.7,88,11.9,0.0,SW,0.0,1.6,SW,13.9,13.9,13.9,---,873.9,0.0,0.0,22,1.89,33,0.0,0.0,0.0,0.185,0.0,21.6,58,13.0,21.3,10.71,0.0634,0.03,1365,1,99.8,60
5/10/26,9:00,15.2,16.3,14.1,82,12.1,1.6,E,1.61,8.0,E,15.2,15.1,15.1,---,875.0,0.0,0.0,99,8.52,257,0.0,0.0,0.0,0.132,0.0,21.7,58,13.1,21.4,10.71,0.0635,0.05,1357,1,99.2,60
5/10/26,10:00,16.8,17.1,16.3,77,12.7,1.6,E,1.61,8.0,ENE,16.8,16.7,16.7,---,875.6,0.0,0.0,181,15.57,392,0.0,0.0,0.6,0.065,0.0,21.9,58,13.3,21.6,10.69,0.0635,0.1,1362,1,99.6,60
5/10/26,11:00,17.4,17.9,17.0,75,12.9,4.8,E,4.83,12.9,ESE,17.4,17.3,17.3,---,875.9,0.0,0.0,269,23.14,397,1.1,0.47,1.9,0.039,0.0,22.1,58,13.5,21.9,10.68,0.0634,0.18,1360,1,99.4,60
5/10/26,12:00,18.3,18.7,17.8,72,13.1,4.8,NE,4.83,12.9,NE,18.3,18.2,18.2,---,875.5,0.0,0.0,352,30.28,429,2.0,0.86,2.7,0.002,0.0,22.2,58,13.5,22.0,10.67,0.0634,0.23,1354,1,99.0,60
5/10/26,13:00,19.2,19.9,18.6,69,13.4,4.8,N,4.83,14.5,WNW,19.2,19.2,19.2,---,875.5,0.0,0.0,418,35.95,527,2.9,1.24,3.5,0.0,0.037,22.1,58,13.5,21.9,10.68,0.0634,0.25,1367,1,99.9,60
5/10/26,14:00,20.5,21.2,19.8,63,13.2,4.8,NNE,4.83,12.9,N,20.5,20.4,20.4,---,874.5,0.0,0.0,488,41.97,715,4.1,1.76,6.6,0.0,0.09,22.3,58,13.7,22.2,10.66,0.0632,0.36,1357,1,99.2,60
5/10/26,15:00,21.3,22.2,20.8,58,12.7,4.8,NNE,4.83,14.5,NE,21.3,20.9,20.9,---,873.6,0.0,0.0,473,40.68,1230,3.5,1.5,6.3,0.0,0.125,22.7,58,14.0,22.7,10.63,0.0631,0.36,1369,1,100.0,60
5/10/26,16:00,22.2,22.7,21.8,59,13.8,6.4,NNW,6.44,16.1,N,22.2,22.1,22.1,---,872.7,0.0,0.0,649,55.82,1201,3.3,1.41,5.5,0.0,0.162,23.0,58,14.3,23.1,10.61,0.0629,0.48,1362,1,99.6,60
5/10/26,17:00,22.2,22.8,21.4,60,14.0,4.8,NNW,4.83,12.9,W,22.2,22.1,22.1,---,872.6,0.0,0.0,225,19.35,986,0.8,0.34,2.5,0.0,0.16,23.3,58,14.5,23.4,10.59,0.0628,0.23,1356,1,99.1,60
5/10/26,18:00,21.3,21.5,21.1,61,13.5,3.2,NNE,3.22,11.3,W,21.3,21.1,21.1,---,872.6,0.0,0.0,97,8.34,209,0.0,0.0,0.0,0.0,0.125,23.1,58,14.4,23.2,10.61,0.0629,0.08,1369,1,100.0,60
5/10/26,19:00,21.0,21.2,20.6,62,13.4,4.8,NE,4.83,11.3,ENE,21.0,20.8,20.8,---,873.1,0.0,0.0,50,4.3,121,0.0,0.0,0.0,0.0,0.111,23.1,58,14.3,23.2,10.61,0.0629,0.05,1353,1,98.9,60
5/10/26,20:00,19.8,20.6,19.1,69,13.9,4.8,ENE,4.83,14.5,E,19.8,19.8,19.8,---,874.0,0.0,0.0,2,0.17,18,0.0,0.0,0.0,0.0,0.06,22.9,58,14.2,23.0,10.62,0.063,0.03,1354,1,99.0,60
5/10/26,21:00,18.3,19.1,17.7,73,13.4,4.8,NE,4.83,14.5,NE,18.3,18.2,18.2,---,874.9,0.0,0.0,0,0.0,0,0.0,0.0,0.0,0.002,0.0,22.8,58,14.1,22.9,10.63,0.0631,0.03,1351,1,98.8,60
5/10/26,22:00,17.8,17.9,17.6,74,13.1,4.8,NE,4.83,14.5,NE,17.8,17.7,17.7,---,875.7,0.0,0.0,0,0.0,0,0.0,0.0,0.0,0.023,0.0,22.7,58,14.0,22.7,10.64,0.0632,0.03,1350,1,98.7,60
5/10/26,23:00,17.6,17.8,17.4,77,13.5,6.4,NE,6.44,14.5,NE,17.6,17.7,17.7,---,875.7,0.0,0.0,0,0.0,0,0.0,0.0,0.0,0.03,0.0,22.5,58,13.8,22.4,10.65,0.0633,0.03,1356,1,99.1,60
6/10/26,00:00,17.1,17.4,16.8,80,13.6,1.6,ENE,1.61,9.7,NNE,17.1,17.2,17.2,---,875.1,0.0,0.0,0,0.0,0,0.0,0.0,0.0,0.051,0.0,22.4,58,13.7,22.3,10.66,0.0633,0.03,1361,1,99.5,60
6/10/26,1:00,16.4,16.8,16.3,83,13.5,0.0,ENE,0.0,4.8,ENE,16.4,16.5,16.5,---,874.9,0.0,0.0,0,0.0,0,0.0,0.0,0.0,0.079,0.0,22.3,58,13.6,22.2,10.67,0.0633,0.03,1376,1,100.0,60
6/10/26,2:00,16.3,16.3,16.2,83,13.4,0.0,ENE,0.0,1.6,ENE,16.3,16.3,16.3,---,874.5,0.0,0.0,0,0.0,0,0.0,0.0,0.0,0.086,0.0,22.2,58,13.5,22.0,10.67,0.0633,0.03,1384,1,100.0,60
6/10/26,3:00,15.9,16.3,15.6,85,13.4,0.0,ENE,0.0,3.2,ENE,15.9,15.9,15.9,---,873.6,0.0,0.0,0,0.0,0,0.0,0.0,0.0,0.102,0.0,22.1,58,13.5,21.9,10.68,0.0632,0.0,1376,1,100.0,60
6/10/26,4:00,15.8,15.9,15.7,85,13.3,0.0,ENE,0.0,3.2,ENE,15.8,15.8,15.8,---,873.2,0.0,0.0,0,0.0,0,0.0,0.0,0.0,0.106,0.0,22.0,58,13.4,21.8,10.69,0.0632,0.0,1382,1,100.0,60
6/10/26,5:00,14.7,15.7,14.0,88,12.8,0.0,---,0.0,0.0,---,14.7,14.8,14.8,---,873.5,0.0,0.0,0,0.0,0,0.0,0.0,0.0,0.15,0.0,21.9,58,13.3,21.6,10.69,0.0633,0.0,1377,1,100.0,60
6/10/26,6:00,14.4,14.7,14.0,89,12.6,0.0,---,0.0,0.0,---,14.4,14.4,14.4,---,873.5,0.0,0.0,0,0.0,0,0.0,0.0,0.0,0.164,0.0,21.8,58,13.1,21.5,10.7,0.0633,0.0,1364,1,99.7,60
6/10/26,7:00,13.6,14.1,13.2,90,12.0,0.0,WSW,0.0,6.4,WSW,13.6,13.7,13.7,---,873.8,0.0,0.0,0,0.0,7,0.0,0.0,0.0,0.197,0.0,21.7,58,13.0,21.3,10.71,0.0634,0.0,1383,1,100.0,60
6/10/26,8:00,13.9,15.3,13.5,90,12.3,0.0,WSW,0.0,6.4,WSW,13.9,13.9,13.9,---,874.3,0.0,0.0,73,6.28,229,0.0,0.0,0.0,0.185,0.0,21.6,58,12.9,21.2,10.72,0.0635,0.05,1361,1,99.5,60
6/10/26,9:00,16.4,17.1,15.3,81,13.1,1.6,N,1.61,6.4,N,16.4,16.4,16.4,---,874.5,0.0,0.0,225,19.35,306,0.0,0.0,0.0,0.081,0.0,21.7,58,13.0,21.3,10.71,0.0634,0.13,1360,1,99.4,60
6/10/26,10:00,17.9,18.6,17.1,76,13.7,1.6,N,1.61,8.0,NE,17.9,18.0,18.0,---,874.4,0.0,0.0,313,26.92,431,0.9,0.39,1.4,0.016,0.0,21.9,58,13.3,21.6,10.69,0.0634,0.18,1356,1,99.1,60
6/10/26,11:00,19.6,20.9,18.6,67,13.3,1.6,NW,1.61,9.7,WNW,19.6,19.5,19.5,---,874.0,0.0,0.0,518,44.55,916,2.7,1.16,4.9,0.0,0.051,22.1,58,13.4,21.8,10.68,0.0633,0.33,1379,1,100.0,60
6/10/26,12:00,22.1,23.0,20.9,58,13.4,3.2,NNW,3.22,14.5,NW,22.1,21.8,21.8,---,873.2,0.0,0.0,754,64.85,1171,4.8,2.06,6.6,0.0,0.155,22.4,58,13.7,22.3,10.66,0.0631,0.48,1363,1,99.6,60
6/10/26,13:00,23.4,24.5,22.6,57,14.4,4.8,NE,4.83,16.1,NNE,23.4,23.5,23.5,---,872.3,0.0,0.0,823,70.79,1044,6.0,2.57,7.2,0.0,0.211,22.6,58,13.9,22.6,10.64,0.063,0.56,1367,1,99.9,60
6/10/26,14:00,24.9,26.2,24.2,58,16.1,4.8,NE,4.83,17.7,NNE,24.9,25.2,25.2,---,870.9,0.0,0.0,973,83.69,995,6.8,2.91,7.1,0.0,0.275,23.1,58,14.3,23.2,10.61,0.0628,0.66,1362,1,99.6,60
6/10/26,15:00,26.1,26.6,25.7,55,16.3,4.8,NE,4.83,17.7,N,26.1,26.3,26.3,---,869.7,0.0,0.0,926,79.65,956,5.8,2.49,6.5,0.0,0.322,23.9,58,15.1,24.1,10.55,0.0625,0.63,1361,1,99.5,60
6/10/26,16:00,25.9,26.3,25.5,53,15.6,6.4,NNE,6.44,20.9,E,25.9,26.1,26.1,---,868.5,0.0,0.0,814,70.01,875,3.9,1.67,5.0,0.0,0.317,24.3,58,15.5,24.5,10.52,0.0623,0.56,1374,1,100.0,60
6/10/26,17:00,25.8,26.3,25.2,53,15.5,6.4,NNE,6.44,17.7,ENE,25.8,25.9,25.9,---,868.2,0.0,0.0,574,49.37,830,1.7,0.73,2.5,0.0,0.313,24.4,58,15.6,24.7,10.51,0.0622,0.41,1379,1,100.0,60
6/10/26,18:00,25.1,25.7,24.4,58,16.2,6.4,NNE,6.44,17.7,NNW,25.1,25.3,25.3,---,868.5,0.0,0.0,378,32.51,573,0.4,0.17,1.1,0.0,0.28,24.2,58,15.4,24.4,10.53,0.0623,0.28,1362,1,99.6,60
6/10/26,19:00,23.3,24.4,22.8,61,15.4,4.8,NE,4.83,19.3,E,23.3,23.6,23.6,---,869.2,0.0,0.0,114,9.81,323,0.0,0.0,0.0,0.0,0.208,24.1,57,15.1,24.3,10.33,0.0624,0.1,1361,1,99.5,60
6/10/26,20:00,21.7,22.8,20.8,67,15.3,3.2,NE,3.22,19.3,NNE,21.7,21.8,21.8,---,869.9,0.0,0.0,10,0.86,47,0.0,0.0,0.0,0.0,0.139,23.9,57,14.9,24.1,10.35,0.0625,0.03,1361,1,99.5,60
6/10/26,21:00,20.2,20.8,19.6,71,14.7,1.6,NE,1.61,11.3,NNE,20.2,20.4,20.4,---,870.6,0.0,0.0,0,0.0,0,0.0,0.0,0.0,0.0,0.076,23.8,58,15.0,23.9,10.56,0.0626,0.03,1360,1,99.4,60
6/10/26,22:00,19.0,19.6,18.7,74,14.3,0.0,ENE,0.0,6.4,E,19.0,19.2,19.2,---,871.2,0.0,0.0,0,0.0,0,0.0,0.0,0.0,0.0,0.028,23.6,58,14.8,23.7,10.57,0.0627,0.03,1357,1,99.2,60
6/10/26,23:00,18.4,18.7,18.0,77,14.3,0.0,N,0.0,1.6,N,18.4,18.6,18.6,---,871.3,0.0,0.0,0,0.0,0,0.0,0.0,0.0,0.0,0.005,23.4,58,14.7,23.6,10.59,0.0627,0.03,1351,1,98.8,60
7/10/26,00:00,18.1,18.5,17.9,78,14.2,0.0,WSW,0.0,4.8,WSW,18.1,18.3,18.3,---,870.8,0.0,0.0,0,0.0,0,0.0,0.0,0.0,0.009,0.0,23.2,58,14.5,23.3,10.6,0.0627,0.03,1364,1,99.7,60
7/10/26,1:00,17.2,18.1,16.1,82,14.1,1.6,W,1.61,3.2,W,17.2,17.4,17.4,---,870.2,0.0,0.0,0,0.0,0,0.0,0.0,0.0,0.046,0.0,23.1,58,14.3,23.2,10.61,0.0627,0.03,1375,1,100.0,60
7/10/26,2:00,15.3,16.1,14.6,87,13.1,0.0,W,0.0,3.2,W,15.3,15.3,15.3,---,870.1,0.0,0.0,0,0.0,0,0.0,0.0,0.0,0.127,0.0,22.9,58,14.2,22.9,10.62,0.0628,0.0,1330,1,97.2,60
7/10/26,3:00,14.4,14.7,14.1,88,12.4,0.0,SW,0.0,4.8,SW,14.4,14.4,14.4,---,869.4,0.0,0.0,0,0.0,0,0.0,0.0,0.0,0.164,0.0,22.7,58,14.0,22.7,10.64,0.0628,0.0,1335,1,97.6,60
7/10/26,4:00,14.1,14.7,13.6,89,12.3,1.6,WSW,1.61,4.8,WSW,14.1,14.1,14.1,---,868.8,0.0,0.0,0,0.0,0,0.0,0.0,0.0,0.178,0.0,22.5,57,13.6,22.4,10.45,0.0628,0.0,1360,1,99.4,60
7/10/26,5:00,13.0,13.8,12.4,90,11.4,0.0,WSW,0.0,3.2,WSW,13.0,13.1,13.1,---,868.8,0.0,0.0,0,0.0,0,0.0,0.0,0.0,0.222,0.0,22.3,57,13.3,22.1,10.47,0.0629,0.0,1374,1,100.0,60
7/10/26,6:00,12.4,12.9,11.9,91,11.0,0.0,WSW,0.0,3.2,WSW,12.4,12.5,12.5,---,869.2,0.0,0.0,0,0.0,0,0.0,0.0,0.0,0.245,0.0,22.1,57,13.2,21.9,10.48,0.0629,0.0,1374,1,100.0,60
7/10/26,7:00,12.6,12.7,12.3,91,11.1,0.0,WSW,0.0,4.8,WSW,12.6,12.6,12.6,---,869.6,0.0,0.0,0,0.0,7,0.0,0.0,0.0,0.241,0.0,21.9,57,13.0,21.6,10.49,0.063,0.0,1375,1,100.0,60
7/10/26,8:00,13.2,14.9,12.2,90,11.6,0.0,WSW,0.0,3.2,WSW,13.2,13.3,13.3,---,870.3,0.0,0.0,55,4.73,135,0.0,0.0,0.0,0.213,0.0,21.7,58,13.1,21.4,10.71,0.0631,0.03,1373,1,100.0,60
7/10/26,9:00,17.1,19.1,14.9,76,12.8,0.0,S,0.0,3.2,S,17.1,17.0,17.0,---,870.5,0.0,0.0,242,20.81,385,0.1,0.04,0.8,0.053,0.0,21.9,58,13.3,21.6,10.69,0.0631,0.13,1372,1,100.0,60
7/10/26,10:00,20.4,21.6,19.1,69,14.5,1.6,SE,1.61,6.4,ENE,20.4,20.6,20.6,---,870.1,0.0,0.0,503,43.26,610,1.7,0.73,2.6,0.0,0.086,22.2,58,13.5,22.0,10.67,0.063,0.3,1366,1,99.9,60
7/10/26,11:00,22.5,23.5,21.6,62,14.9,3.2,E,3.22,11.3,NNE,22.5,22.6,22.6,---,869.6,0.0,0.0,710,61.07,793,3.7,1.59,4.7,0.0,0.174,22.3,58,13.7,22.2,10.66,0.0629,0.46,1371,1,100.0,60
7/10/26,12:00,24.6,25.7,23.5,54,14.7,3.2,NNE,3.22,11.3,NNE,24.6,24.7,24.7,---,868.3,0.0,0.0,862,74.14,912,5.6,2.4,6.4,0.0,0.262,22.9,58,14.2,22.9,10.62,0.0626,0.58,1359,1,99.3,60
7/10/26,13:00,27.1,28.9,25.7,48,15.2,3.2,NNW,3.22,17.7,W,27.1,27.1,27.1,---,867.3,0.0,0.0,950,81.71,979,6.9,2.96,7.2,0.0,0.366,23.3,58,14.5,23.4,10.59,0.0624,0.66,1372,1,100.0,60
7/10/26,14:00,29.3,30.1,28.7,42,15.1,4.8,NNW,4.83,14.5,WNW,29.3,29.2,29.2,---,865.6,0.0,0.0,975,83.86,984,7.1,3.04,7.2,0.0,0.458,23.8,59,15.3,24.0,10.76,0.0622,0.71,1376,1,100.0,60
7/10/26,15:00,31.0,31.3,30.1,36,14.2,6.4,ENE,6.44,16.1,E,31.0,30.5,30.5,---,865.2,0.0,0.0,939,80.76,962,6.1,2.61,6.7,0.0,0.528,24.6,58,15.8,24.8,10.5,0.0619,0.71,1373,1,100.0,60
7/10/26,16:00,31.0,31.3,30.8,37,14.6,6.4,NNE,6.44,17.7,ENE,31.0,30.6,30.6,---,864.9,0.0,0.0,827,71.13,925,4.2,1.8,5.4,0.0,0.528,25.2,57,16.1,25.4,10.25,0.0617,0.63,1377,1,100.0,60
7/10/26,17:00,30.8,31.1,30.4,41,16.1,4.8,ENE,4.83,17.7,E,30.8,30.9,30.9,---,865.0,0.0,0.0,634,54.53,737,2.0,0.86,2.5,0.0,0.521,25.4,57,16.3,25.7,10.24,0.0617,0.48,1376,1,100.0,60
7/10/26,18:00,30.3,30.6,29.8,43,16.4,4.8,NNE,4.83,14.5,NE,30.3,30.6,30.6,---,865.8,0.0,0.0,419,36.04,526,0.6,0.26,1.4,0.0,0.5,25.4,57,16.3,25.6,10.24,0.0618,0.33,1376,1,100.0,60
7/10/26,19:00,28.9,29.8,27.7,51,17.8,3.2,NE,3.22,16.1,ENE,28.9,29.8,29.8,---,867.0,0.0,0.0,157,13.5,304,0.0,0.0,0.0,0.0,0.442,25.3,57,16.2,25.6,10.25,0.0619,0.15,1361,1,99.5,60
7/10/26,20:00,26.6,27.7,25.7,59,17.9,1.6,NE,1.61,8.0,NE,26.6,27.1,27.1,---,868.5,0.0,0.0,6,0.52,25,0.0,0.0,0.0,0.0,0.343,25.2,57,16.1,25.4,10.25,0.062,0.03,1371,1,100.0,60
7/10/26,21:00,24.9,25.7,23.9,67,18.3,1.6,ENE,1.61,8.0,NE,24.9,25.6,25.6,---,869.9,0.0,0.0,0,0.0,0,0.0,0.0,0.0,0.0,0.273,25.1,57,16.0,25.3,10.26,0.0621,0.03,1365,1,99.8,60
7/10/26,22:00,22.8,23.9,21.9,73,17.7,0.0,ENE,0.0,3.2,ENE,22.8,23.5,23.5,---,871.1,0.0,0.0,0,0.0,0,0.0,0.0,0.0,0.0,0.187,24.9,58,16.1,25.1,10.48,0.0623,0.03,1374,1,100.0,60
7/10/26,23:00,21.2,21.9,20.5,77,17.0,0.0,NNW,0.0,3.2,ENE,21.2,21.7,21.7,---,871.9,0.0,0.0,0,0.0,0,0.0,0.0,0.0,0.0,0.118,24.7,58,15.9,24.9,10.49,0.0624,0.03,1372,1,100.0,60
8/10/26,00:00,20.3,20.5,19.8,80,16.7,0.0,---,0.0,0.0,---,20.3,21.0,21.0,---,871.9,0.0,0.0,0,0.0,0,0.0,0.0,0.0,0.0,0.081,24.6,58,15.7,24.8,10.5,0.0624,0.03,1371,1,100.0,60
8/10/26,1:00,19.6,19.9,19.3,78,15.6,0.0,NNW,0.0,1.6,NNW,19.6,20.0,20.0,---,871.8,0.0,0.0,0,0.0,0,0.0,0.0,0.0,0.0,0.051,24.3,58,15.5,24.6,10.52,0.0625,0.03,1367,1,99.9,60
8/10/26,2:00,19.8,20.1,18.9,79,16.0,0.0,---,0.0,0.0,---,19.8,20.3,20.3,---,871.4,0.0,0.0,0,0.0,0,0.0,0.0,0.0,0.0,0.06,24.2,58,15.4,24.3,10.53,0.0625,0.03,1362,1,99.6,60
8/10/26,3:00,18.4,18.9,18.1,82,15.3,0.0,---,0.0,0.0,---,18.4,18.7,18.7,---,871.0,0.0,0.0,0,0.0,0,0.0,0.0,0.0,0.0,0.002,24.1,58,15.3,24.2,10.54,0.0625,0.03,1368,1,100.0,60
8/10/26,4:00,17.9,18.3,17.7,85,15.4,0.0,---,0.0,0.0,---,17.9,18.3,18.3,---,870.9,0.0,0.0,0,0.0,0,0.0,0.0,0.0,0.016,0.0,23.9,58,15.1,24.1,10.55,0.0625,0.03,1362,1,99.6,60
8/10/26,5:00,18.7,19.1,17.9,83,15.7,0.0,WSW,0.0,6.4,WSW,18.7,19.1,19.1,---,871.1,0.0,0.0,0,0.0,0,0.0,0.0,0.0,0.0,0.014,23.8,58,15.0,23.9,10.56,0.0626,0.03,1368,1,100.0,60
8/10/26,6:00,17.6,18.2,17.2,85,15.1,0.0,---,0.0,0.0,---,17.6,17.9,17.9,---,871.9,0.0,0.0,0,0.0,0,0.0,0.0,0.0,0.03,0.0,23.7,58,14.9,23.8,10.57,0.0627,0.0,1363,1,99.6,60
8/10/26,7:00,17.6,17.9,17.3,86,15.2,0.0,WNW,0.0,4.8,WNW,17.6,17.9,17.9,---,872.8,0.0,0.0,0,0.0,9,0.0,0.0,0.0,0.03,0.0,23.5,58,14.8,23.7,10.58,0.0628,0.0,1362,1,99.6,60
8/10/26,8:00,18.6,19.9,17.6,82,15.4,1.6,WNW,1.61,6.4,WSW,18.6,18.9,18.9,---,873.5,0.0,0.0,59,5.07,190,0.0,0.0,0.0,0.0,0.009,23.4,58,14.7,23.6,10.58,0.0629,0.05,1352,1,98.8,60
8/10/26,9:00,22.3,23.9,20.0,70,16.5,1.6,W,1.61,8.0,NE,22.3,22.6,22.6,---,874.0,0.0,0.0,306,26.32,471,0.2,0.09,0.8,0.0,0.164,23.6,58,14.8,23.7,10.57,0.0629,0.2,1353,1,98.9,60
8/10/26,10:00,23.8,24.6,23.2,66,17.1,4.8,E,4.83,16.1,ENE,23.8,24.3,24.3,---,874.0,0.0,0.0,416,35.78,837,1.3,0.56,2.5,0.0,0.229,23.8,58,15.0,23.9,10.56,0.0628,0.3,1360,1,99.4,60
8/10/26,11:00,24.1,24.6,23.7,67,17.5,8.0,SE,8.05,20.9,NE,24.1,24.6,24.6,---,873.7,0.0,0.0,330,28.38,1013,1.9,0.81,5.0,0.0,0.238,24.2,58,15.4,24.3,10.53,0.0627,0.28,1360,1,99.4,60
8/10/26,12:00,24.5,24.9,23.8,62,16.7,9.7,ENE,9.66,22.5,NE,24.5,24.9,24.9,---,873.3,0.0,0.0,408,35.09,1223,3.1,1.33,6.7,0.0,0.257,24.5,58,15.7,24.7,10.51,0.0625,0.36,1375,1,100.0,60
8/10/26,13:00,24.0,24.8,23.4,67,17.5,11.3,NE,11.27,25.7,NNE,24.0,24.6,24.6,---,872.9,0.0,0.0,544,46.79,1285,4.9,2.1,8.1,0.0,0.236,24.6,58,15.7,24.8,10.5,0.0625,0.48,1357,1,99.2,60
8/10/26,14:00,23.8,24.4,22.9,65,16.9,11.3,NNE,11.27,27.4,NNE,23.8,24.3,24.3,---,872.2,0.0,0.0,566,48.68,1322,5.5,2.36,8.3,0.0,0.229,24.7,58,15.8,24.9,10.49,0.0624,0.48,1351,1,98.8,60
8/10/26,15:00,23.4,24.2,22.9,65,16.5,8.0,NE,8.05,19.3,ENE,23.4,23.9,23.9,---,871.9,0.0,0.0,344,29.59,949,2.8,1.2,7.0,0.0,0.213,24.8,58,16.0,25.1,10.48,0.0623,0.3,1374,1,100.0,60
8/10/26,16:00,22.3,23.2,21.1,70,16.6,4.8,NE,4.83,12.9,NNE,22.3,22.7,22.7,---,871.8,0.0,0.0,169,14.54,250,0.7,0.3,1.7,0.0,0.167,24.9,57,15.8,25.1,10.28,0.0623,0.13,1365,1,99.8,60
8/10/26,17:00,20.8,21.1,20.6,71,15.3,3.2,NE,3.22,12.9,NNE,20.8,21.1,21.1,---,871.9,0.0,0.0,166,14.28,218,0.2,0.09,0.7,0.0,0.102,24.9,57,15.8,25.1,10.28,0.0623,0.13,1353,1,98.9,60
8/10/26,18:00,19.7,20.8,18.6,75,15.1,3.2,NE,3.22,9.7,WNW,19.7,20.0,20.0,---,872.7,0.0,0.0,81,6.97,200,0.0,0.0,0.0,0.0,0.056,24.8,57,15.7,25.0,10.28,0.0624,0.08,1363,1,99.6,60
8/10/26,19:00,18.4,18.7,18.0,76,14.1,1.6,NW,1.61,6.4,N,18.4,18.5,18.5,---,873.8,0.0,0.0,25,2.15,53,0.0,0.0,0.0,0.0,0.002,24.7,57,15.6,24.9,10.29,0.0625,0.03,1357,1,99.2,60
8/10/26,20:00,17.6,18.1,17.4,78,13.7,3.2,WNW,3.22,8.0,WNW,17.6,17.7,17.7,---,874.8,0.0,0.0,1,0.09,11,0.0,0.0,0.0,0.03,0.0,24.6,57,15.5,24.8,10.3,0.0626,0.03,1356,1,99.1,60
8/10/26,21:00,17.2,17.4,16.7,80,13.7,1.6,NNE,1.61,9.7,NE,17.2,17.3,17.3,---,875.6,0.0,0.0,0,0.0,0,0.0,0.0,0.0,0.046,0.0,24.4,57,15.4,24.6,10.31,0.0627,0.03,1358,1,99.3,60
8/10/26,22:00,16.3,16.7,15.9,83,13.4,1.6,NNE,1.61,6.4,NNE,16.3,16.4,16.4,---,876.4,0.0,0.0,0,0.0,0,0.0,0.0,0.0,0.083,0.0,24.3,57,15.2,24.4,10.32,0.0629,0.03,1354,1,99.0,60
8/10/26,23:00,15.7,15.9,15.5,85,13.2,0.0,NE,0.0,6.4,NE,15.7,15.7,15.7,---,876.9,0.0,0.0,0,0.0,0,0.0,0.0,0.0,0.111,0.0,24.1,57,15.1,24.3,10.33,0.0629,0.0,1351,1,98.8,60
9/10/26,00:00,15.6,15.8,15.3,84,12.9,0.0,ENE,0.0,6.4,N,15.6,15.6,15.6,---,876.4,0.0,0.0,0,0.0,0,0.0,0.0,0.0,0.113,0.0,23.9,57,14.9,24.1,10.35,0.0629,0.0,1367,1,99.9,60
9/10/26,1:00,15.3,15.4,15.1,85,12.8,0.0,NE,0.0,6.4,N,15.3,15.3,15.3,---,876.5,0.0,0.0,0,0.0,0,0.0,0.0,0.0,0.127,0.0,23.8,56,14.5,23.9,10.25,0.063,0.0,1368,1,100.0,60
9/10/26,2:00,14.9,15.1,14.7,85,12.4,1.6,NW,1.61,9.7,WNW,14.9,14.8,14.8,---,876.5,0.0,0.0,0,0.0,0,0.0,0.0,0.0,0.144,0.0,23.6,56,14.3,23.7,10.26,0.0631,0.0,1353,1,98.9,60
9/10/26,3:00,14.3,14.7,14.1,88,12.4,1.6,WNW,1.61,6.4,W,14.3,14.4,14.4,---,876.2,0.0,0.0,0,0.0,0,0.0,0.0,0.0,0.167,0.0,23.5,56,14.2,23.6,10.26,0.0631,0.0,1348,1,98.5,60
9/10/26,4:00,14.1,14.1,13.9,88,12.1,1.6,WNW,1.61,6.4,NW,14.1,14.1,14.1,---,875.5,0.0,0.0,0,0.0,0,0.0,0.0,0.0,0.178,0.0,23.3,56,14.1,23.4,10.27,0.0631,0.0,1378,1,100.0,60
9/10/26,5:00,14.0,14.1,13.9,87,11.9,1.6,WNW,1.61,8.0,WNW,14.0,13.9,13.9,---,875.7,0.0,0.0,0,0.0,0,0.0,0.0,0.0,0.181,0.0,23.2,56,13.9,23.2,10.28,0.0631,0.0,1357,1,99.2,60
9/10/26,6:00,14.0,14.1,13.9,88,12.0,1.6,WNW,1.61,6.4,NW,14.0,14.0,14.0,---,875.9,0.0,0.0,0,0.0,0,0.0,0.0,0.0,0.181,0.0,23.1,56,13.8,23.1,10.28,0.0632,0.0,1343,1,98.2,60
9/10/26,7:00,13.9,14.0,13.8,88,11.9,1.6,WNW,1.61,8.0,WNW,13.9,13.9,13.9,---,876.5,0.0,0.0,0,0.0,0,0.0,0.0,0.0,0.185,0.0,22.9,56,13.7,22.9,10.28,0.0633,0.0,1364,1,99.7,60
9/10/26,8:00,13.8,14.0,13.7,88,11.8,1.6,WNW,1.61,6.4,W,13.8,13.8,13.8,---,877.0,0.0,0.0,22,1.89,54,0.0,0.0,0.0,0.19,0.0,22.8,56,13.5,22.8,10.29,0.0633,0.03,1370,1,100.0,60
9/10/26,9:00,14.4,15.2,13.9,85,12.0,0.0,NW,0.0,3.2,NW,14.4,14.4,14.4,---,877.4,0.0,0.0,119,10.24,251,0.0,0.0,0.0,0.162,0.0,22.7,56,13.5,22.7,10.29,0.0634,0.08,1371,1,100.0,60
9/10/26,10:00,16.2,16.9,15.2,79,12.6,1.6,NE,1.61,6.4,ENE,16.2,16.2,16.2,---,877.1,0.0,0.0,267,22.96,396,0.5,0.21,1.4,0.088,0.0,22.7,56,13.5,22.7,10.29,0.0634,0.15,1361,1,99.5,60
9/10/26,11:00,17.6,18.3,16.9,76,13.3,3.2,ENE,3.22,9.7,SE,17.6,17.6,17.6,---,876.4,0.0,0.0,415,35.69,557,2.0,0.86,2.7,0.03,0.0,22.8,56,13.6,22.8,10.29,0.0633,0.25,1359,1,99.3,60
9/10/26,12:00,18.9,19.6,18.3,72,13.8,3.2,NNE,3.22,14.5,NNE,18.9,19.0,19.0,---,875.8,0.0,0.0,376,32.34,680,2.3,0.99,4.2,0.0,0.025,22.9,56,13.7,22.9,10.28,0.0632,0.23,1369,1,100.0,60
9/10/26,13:00,19.2,19.8,18.7,69,13.4,6.4,NE,6.44,19.3,E,19.2,19.2,19.2,---,874.8,0.0,0.0,455,39.14,995,3.4,1.46,6.0,0.0,0.037,23.1,56,13.9,23.2,10.28,0.0631,0.3,1357,1,99.2,60
9/10/26,14:00,20.3,20.6,19.7,68,14.2,8.0,NE,8.05,20.9,ENE,20.3,20.4,20.4,---,874.0,0.0,0.0,633,54.45,1262,5.7,2.44,8.5,0.0,0.081,23.3,56,14.0,23.3,10.27,0.063,0.48,1358,1,99.3,60
9/10/26,15:00,20.2,21.1,19.4,69,14.3,8.0,NE,8.05,17.7,E,20.2,20.4,20.4,---,873.7,0.0,0.0,331,28.47,526,2.6,1.11,7.2,0.0,0.079,23.6,56,14.3,23.7,10.26,0.0629,0.28,1366,1,99.9,60
9/10/26,16:00,19.6,20.2,19.3,69,13.8,9.7,NE,9.66,22.5,ENE,19.6,19.7,19.7,---,873.2,0.0,0.0,473,40.68,1071,2.8,1.2,5.2,0.0,0.053,23.9,56,14.6,24.1,10.25,0.0627,0.36,1359,1,99.3,60
9/10/26,17:00,18.1,19.7,17.2,74,13.4,9.7,NE,9.66,24.1,ENE,18.1,18.1,18.1,---,873.1,0.0,0.0,183,15.74,339,0.4,0.17,1.7,0.009,0.0,24.0,55,14.4,24.1,10.04,0.0627,0.15,1358,1,99.3,60
9/10/26,18:00,16.6,17.3,15.9,76,12.4,8.0,NE,8.05,24.1,ENE,16.6,16.5,16.5,---,873.8,0.0,0.0,95,8.17,172,0.0,0.0,0.0,0.072,0.0,23.9,55,14.3,24.0,10.05,0.0628,0.08,1349,1,98.6,60
9/10/26,19:00,15.8,16.0,15.6,77,11.8,4.8,NNE,4.83,14.5,NE,15.8,15.6,15.6,---,875.0,0.0,0.0,33,2.84,60,0.0,0.0,0.0,0.106,0.0,23.7,55,14.1,23.8,10.06,0.063,0.03,1354,1,99.0,60
9/10/26,20:00,15.3,15.6,15.2,79,11.7,1.6,NNE,1.61,8.0,NNE,15.3,15.2,15.2,---,876.4,0.0,0.0,2,0.17,11,0.0,0.0,0.0,0.125,0.0,23.6,55,14.0,23.7,10.06,0.0631,0.0,1360,1,99.4,60
9/10/26,21:00,14.4,15.3,13.9,84,11.7,3.2,NW,3.22,12.9,NW,14.4,14.3,14.3,---,878.0,0.0,0.0,0,0.0,0,0.0,0.0,0.0,0.164,0.0,23.5,55,13.9,23.6,10.06,0.0632,0.03,1366,1,99.9,60
9/10/26,22:00,13.8,13.9,13.6,81,10.6,1.6,NNW,1.61,6.4,WNW,13.8,13.7,13.7,---,879.2,0.0,0.0,0,0.0,0,0.0,0.0,0.0,0.187,0.0,23.3,55,13.8,23.4,10.07,0.0634,0.03,1372,1,100.0,60
9/10/26,23:00,13.2,13.7,12.8,85,10.7,4.8,NW,4.83,16.1,WNW,13.2,13.1,13.1,---,879.8,0.0,0.0,0,0.0,0,0.0,0.0,0.0,0.215,0.0,23.1,55,13.6,23.1,10.08,0.0635,0.03,1361,1,99.5,60
10/10/26,00:00,12.7,12.8,12.7,86,10.4,4.8,NW,4.83,12.9,WNW,12.7,12.7,12.7,---,879.4,0.0,0.0,0,0.0,0,0.0,0.0,0.0,0.234,0.0,22.9,54,13.1,22.9,9.88,0.0635,0.03,1361,1,99.5,60
10/10/26,1:00,12.8,12.8,12.7,86,10.5,3.2,NW,3.22,11.3,WNW,12.8,12.7,12.7,---,879.7,0.0,0.0,0,0.0,0,0.0,0.0,0.0,0.231,0.0,22.8,54,13.0,22.7,9.89,0.0636,0.0,1359,1,99.3,60
10/10/26,2:00,12.9,13.0,12.8,85,10.4,1.6,NW,1.61,9.7,WNW,12.9,12.8,12.8,---,879.4,0.0,0.0,0,0.0,0,0.0,0.0,0.0,0.227,0.0,22.6,54,12.8,22.4,9.9,0.0636,0.0,1362,1,99.6,60
10/10/26,3:00,12.9,13.0,12.7,85,10.4,0.0,NNE,0.0,6.4,WNW,12.9,12.8,12.8,---,879.3,0.0,0.0,0,0.0,0,0.0,0.0,0.0,0.227,0.0,22.3,55,12.9,22.1,10.11,0.0637,0.0,1338,1,97.8,60
10/10/26,4:00,12.6,12.8,12.3,86,10.3,0.0,WNW,0.0,6.4,NW,12.6,12.6,12.6,---,879.3,0.0,0.0,0,0.0,0,0.0,0.0,0.0,0.238,0.0,22.0,55,12.5,21.6,10.12,0.0638,0.0,1346,1,98.4,60
10/10/26,5:00,12.0,12.3,11.7,89,10.2,1.6,WNW,1.61,8.0,WNW,12.0,12.1,12.1,---,879.5,0.0,0.0,0,0.0,0,0.0,0.0,0.0,0.264,0.0,21.8,55,12.4,21.4,10.12,0.0638,0.0,1347,1,98.5,60
10/10/26,6:00,11.7,11.7,11.6,90,10.1,0.0,WNW,0.0,3.2,WNW,11.7,11.7,11.7,---,879.8,0.0,0.0,0,0.0,0,0.0,0.0,0.0,0.278,0.0,21.7,55,12.2,21.2,10.13,0.0639,0.0,1354,1,99.0,60
10/10/26,7:00,11.6,11.7,11.6,90,10.0,0.0,WNW,0.0,3.2,WNW,11.6,11.7,11.7,---,880.0,0.0,0.0,0,0.0,5,0.0,0.0,0.0,0.28,0.0,21.5,55,12.1,20.9,10.14,0.0639,0.0,1371,1,100.0,60
10/10/26,8:00,11.8,12.1,11.6,90,10.2,0.0,NW,0.0,3.2,WNW,11.8,11.8,11.8,---,880.5,0.0,0.0,34,2.92,77,0.0,0.0,0.0,0.273,0.0,21.3,56,12.2,20.8,10.34,0.064,0.03,1354,1,99.0,60
10/10/26,9:00,12.8,13.5,12.1,88,10.8,0.0,N,0.0,4.8,NW,12.8,12.8,12.8,---,881.2,0.0,0.0,130,11.18,185,0.0,0.0,0.0,0.231,0.0,21.2,56,12.1,20.7,10.35,0.0641,0.08,1349,1,98.6,60
10/10/26,10:00,14.1,14.7,13.4,84,11.4,1.6,N,1.61,6.4,W,14.1,13.9,13.9,---,881.1,0.0,0.0,214,18.41,334,0.2,0.09,1.1,0.178,0.0,21.2,56,12.0,20.6,10.35,0.0641,0.13,1366,1,99.9,60
10/10/26,11:00,15.7,16.4,14.7,77,11.7,1.6,ENE,1.61,9.7,E,15.7,15.5,15.5,---,880.9,0.0,0.0,358,30.79,469,1.8,0.77,2.6,0.109,0.0,21.3,55,11.9,20.8,10.14,0.0641,0.2,1349,1,98.6,60
10/10/26,12:00,16.8,17.4,16.3,74,12.2,3.2,E,3.22,11.3,ESE,16.8,16.7,16.7,---,880.5,0.0,0.0,356,30.62,471,2.3,0.99,3.3,0.063,0.0,21.6,55,12.1,21.1,10.13,0.064,0.2,1365,1,99.8,60
10/10/26,13:00,16.5,17.2,16.1,76,12.3,4.8,NNE,4.83,14.5,NNE,16.5,16.3,16.3,---,880.3,0.0,0.0,186,16.0,281,0.9,0.39,1.7,0.076,0.0,21.7,55,12.3,21.2,10.13,0.0639,0.13,1365,1,99.8,60
10/10/26,14:00,16.7,17.4,16.2,74,12.0,8.0,NE,8.05,17.7,ENE,16.7,16.4,16.4,---,879.3,0.0,0.0,421,36.21,707,3.2,1.37,5.5,0.069,0.0,21.8,55,12.4,21.4,10.12,0.0638,0.25,1365,1,99.8,60
10/10/26,15:00,16.9,17.5,16.6,71,11.6,11.3,NE,11.27,22.5,NE,16.8,16.7,16.6,---,878.6,0.0,0.0,406,34.92,991,3.0,1.29,6.3,0.058,0.0,21.9,55,12.5,21.6,10.12,0.0637,0.28,1364,1,99.7,60
10/10/26,16:00,17.3,17.6,17.1,71,12.0,9.7,NE,9.66,22.5,N,17.3,17.1,17.1,---,877.9,0.0,0.0,481,41.37,638,2.8,1.2,3.7,0.044,0.0,22.1,55,12.6,21.7,10.12,0.0636,0.3,1354,1,99.0,60
10/10/26,17:00,16.6,17.2,15.9,73,11.7,9.7,NE,9.66,22.5,NE,16.6,16.3,16.3,---,877.9,0.0,0.0,275,23.65,483,1.2,0.51,2.8,0.072,0.0,22.2,55,12.7,21.9,10.11,0.0636,0.2,1361,1,99.5,60
10/10/26,18:00,14.9,15.9,14.4,77,10.9,9.7,NE,9.66,25.7,NNE,14.6,14.7,14.3,---,878.5,0.0,0.0,159,13.68,236,0.0,0.0,0.0,0.144,0.0,22.2,54,12.4,21.8,9.91,0.0637,0.13,1352,1,98.8,60
10/10/26,19:00,14.2,14.4,13.8,78,10.4,6.4,NE,6.44,16.1,NNE,14.2,14.0,14.0,---,878.9,0.0,0.0,43,3.7,114,0.0,0.0,0.0,0.171,0.0,22.2,54,12.4,21.8,9.91,0.0637,0.05,1361,1,99.5,60
10/10/26,20:00,13.6,13.8,13.3,79,10.0,3.2,N,3.22,14.5,ENE,13.6,13.3,13.3,---,879.8,0.0,0.0,0,0.0,5,0.0,0.0,0.0,0.199,0.0,22.1,54,12.4,21.7,9.91,0.0638,0.0,1359,1,99.3,60
